Name,Points,Status,Claim Points,Approve QA,Complete Doublecheck,Deny QA,Shift,Created by,Created time,People,QA,Person,Last edited time,Last edited by,Role Badge,Date,Google Tasks ID,Description,Completed By
Put Pies in Freezer,10,Needed,,,,,,Cameron Ely-Murdock,"March 1, 2025 9:15 PM",,,,"March 30, 2025 8:08 PM",Riverside Admin,,"March 30, 2025 12:00 AM (MDT) → April 2, 2025 12:00 AM (MDT)",,,
Assemble 50 Pie,30,Awaiting Review,,,,,,Cameron Ely-Murdock,"March 1, 2025 9:55 PM",,,,"May 5, 2025 6:42 PM",Cameron Ely-Murdock,,,,,
Coordinate 250 Pie Assembly,50,Done,,,,,,Cameron Ely-Murdock,"March 1, 2025 9:55 PM",,,,"May 5, 2025 6:33 PM",Cameron Ely-Murdock,,,,,
Sweep Entry,,Needed,,,,,,Cameron Ely-Murdock,"March 1, 2025 10:30 PM",,,,"March 30, 2025 7:27 PM",Riverside Admin,,,,,
Sweep Loft,,Done,,,,,,Cameron Ely-Murdock,"March 1, 2025 10:30 PM",,,,"May 5, 2025 6:33 PM",Cameron Ely-Murdock,,,,,
Sweep Cafe,,Needed,,,,,,Cameron Ely-Murdock,"March 1, 2025 10:31 PM",,,,"March 1, 2025 10:31 PM",Cameron Ely-Murdock,,,,,
Vaccuum Entry,,Needed,,,,,,Cameron Ely-Murdock,"March 1, 2025 10:31 PM",,,,"March 2, 2025 12:53 AM",Cameron Ely-Murdock,,,,,
Mop Loft,,Needed,,,,,,Cameron Ely-Murdock,"March 1, 2025 10:31 PM",,,,"March 1, 2025 10:31 PM",Cameron Ely-Murdock,,,,,
Mop Cafe,,Needed,,,,,,Cameron Ely-Murdock,"March 1, 2025 10:31 PM",,,,"March 1, 2025 10:32 PM",Cameron Ely-Murdock,,,,,
Sweep Hallway,,Needed,,,,,,Cameron Ely-Murdock,"March 1, 2025 10:32 PM",,,,"March 1, 2025 10:32 PM",Cameron Ely-Murdock,,,,,
Sweep Bathrooms,,Needed,,,,,,Cameron Ely-Murdock,"March 1, 2025 10:33 PM",,,,"March 1, 2025 10:33 PM",Cameron Ely-Murdock,,,,,
Mop Hallway,,Needed,,,,,,Cameron Ely-Murdock,"March 1, 2025 10:33 PM",,,,"March 1, 2025 10:33 PM",Cameron Ely-Murdock,,,,,
Mop Bathrooms,,Needed,,,,,,Cameron Ely-Murdock,"March 1, 2025 10:33 PM",,,,"March 1, 2025 10:33 PM",Cameron Ely-Murdock,,,,,
Clean Bathrooms,,Needed,,,,,,Cameron Ely-Murdock,"March 1, 2025 10:33 PM",,,,"March 1, 2025 10:33 PM",Cameron Ely-Murdock,,,,,
Wipe Down Cafe Bar,,Needed,,,,,,Cameron Ely-Murdock,"March 1, 2025 10:33 PM",,,,"March 1, 2025 10:33 PM",Cameron Ely-Murdock,,,,,
Organize Behind Cafe,,Needed,,,,,,Cameron Ely-Murdock,"March 1, 2025 10:33 PM",,,,"March 1, 2025 10:34 PM",Cameron Ely-Murdock,,,,,
Sweep Kitchen,,Needed,,,,,,Cameron Ely-Murdock,"March 1, 2025 10:34 PM",,,,"March 1, 2025 10:34 PM",Cameron Ely-Murdock,,,,,
Mop Kitchen,,Needed,,,,,,Cameron Ely-Murdock,"March 1, 2025 10:34 PM",,,,"March 1, 2025 10:34 PM",Cameron Ely-Murdock,,,,,
Wipe Down Kitchen,,Needed,,,,,,Cameron Ely-Murdock,"March 1, 2025 10:34 PM",,,,"March 1, 2025 10:34 PM",Cameron Ely-Murdock,,,,,
Wash Dishes,,Needed,,,,,,Cameron Ely-Murdock,"March 1, 2025 10:34 PM",,,,"March 1, 2025 10:34 PM",Cameron Ely-Murdock,,,,,
Take Out Compost,,Needed,,,,,,Cameron Ely-Murdock,"March 1, 2025 10:36 PM",,,,"March 1, 2025 10:36 PM",Cameron Ely-Murdock,,,,,
Take Out Trash,,Needed,,,,,,Cameron Ely-Murdock,"March 1, 2025 10:36 PM",,,,"March 1, 2025 10:36 PM",Cameron Ely-Murdock,,,,,
Clean Dish Traps,,Needed,,,,,,Cameron Ely-Murdock,"March 1, 2025 10:36 PM",,,,"March 1, 2025 10:36 PM",Cameron Ely-Murdock,,,,,
Clean Grease Trap,,Needed,,,,,,Cameron Ely-Murdock,"March 1, 2025 10:36 PM",,,,"March 1, 2025 10:36 PM",Cameron Ely-Murdock,,,,,
Fix XYZ,20,Needed,,,,,,Cameron Ely-Murdock,"March 1, 2025 10:36 PM",,,,"March 1, 2025 10:37 PM",Cameron Ely-Murdock,,,,,
Prep Muffins,,Needed,,,,,,Cameron Ely-Murdock,"March 1, 2025 11:23 PM",,,,"March 1, 2025 11:27 PM",Cameron Ely-Murdock,,,,,
Prep Banana bread,,Needed,,,,,,Cameron Ely-Murdock,"March 1, 2025 11:27 PM",,,,"March 1, 2025 11:27 PM",Cameron Ely-Murdock,,,,,
Make Cookies,,Needed,,,,,,Cameron Ely-Murdock,"March 1, 2025 11:27 PM",,,,"March 1, 2025 11:27 PM",Cameron Ely-Murdock,,,,,
Promote Event Instagram,,Needed,,,,,,Cameron Ely-Murdock,"March 1, 2025 11:29 PM",,,,"March 1, 2025 11:30 PM",Cameron Ely-Murdock,,,,,
Promote Event Facebook,,Needed,,,,,,Cameron Ely-Murdock,"March 1, 2025 11:30 PM",,,,"March 1, 2025 11:30 PM",Cameron Ely-Murdock,,,,,
Promote Event ONE,,Needed,,,,,,Cameron Ely-Murdock,"March 1, 2025 11:30 PM",,,,"March 1, 2025 11:30 PM",Cameron Ely-Murdock,,,,,
Promote Event Post Flyers,,Needed,,,,,,Cameron Ely-Murdock,"March 1, 2025 11:30 PM",,,,"March 1, 2025 11:31 PM",Cameron Ely-Murdock,,,,,
Check Liquor Inventory,10,Needed,,,,,,Cameron Ely-Murdock,"March 1, 2025 11:31 PM",,,,"March 1, 2025 11:45 PM",Cameron Ely-Murdock,,,,,
Check Pie Inventory,5,Needed,,,,,,Cameron Ely-Murdock,"March 1, 2025 11:32 PM",,,,"March 1, 2025 11:45 PM",Cameron Ely-Murdock,,,,,
Check Stand Inventory,10,Needed,,,,,,Cameron Ely-Murdock,"March 1, 2025 11:32 PM",,,,"March 1, 2025 11:45 PM",Cameron Ely-Murdock,,,,,
Check Kitchen Inventory,10,Needed,,,,,,Cameron Ely-Murdock,"March 1, 2025 11:32 PM",,,,"March 1, 2025 11:45 PM",Cameron Ely-Murdock,,,,,
Leaf Blowing,5,Needed,,,,,,Cameron Ely-Murdock,"March 1, 2025 11:40 PM",,,,"March 1, 2025 11:45 PM",Cameron Ely-Murdock,,,,,
Closing Circle,2,Needed,,,,,,Cameron Ely-Murdock,"March 1, 2025 11:44 PM",,,,"March 1, 2025 11:44 PM",Cameron Ely-Murdock,,,,,
Sign Checks,,Needed,,,,,,Cameron Ely-Murdock,"March 2, 2025 2:06 AM",,,,"March 2, 2025 2:06 AM",Cameron Ely-Murdock,,,,,
Bake Bananna Bread,5,Awaiting Review,,,,,,Cameron Ely-Murdock,"March 2, 2025 1:47 AM",,,,"March 19, 2025 3:55 PM",Cameron Ely-Murdock,,,,,
Sweep Stand,2,Done,,,,,,Cameron Ely-Murdock,"March 2, 2025 1:45 AM",,,,"March 19, 2025 3:35 PM",Cameron Ely-Murdock,,,,,
Give shift report to next staff & communicate new/what needs to be done,1,Done,,,,,,Cameron Ely-Murdock,"March 19, 2025 6:25 PM",@Cameron Ely-Murdock  (https://www.notion.so/1aa1503617b480f68941c9feb4424819?pvs=21),,,"May 5, 2025 6:18 PM",Cameron Ely-Murdock,,,ajBnaGlJNElZXzZZSm1CVg,,
Check schedule for next two weeks and confirm shifts,1,Done,,,,,,Cameron Ely-Murdock,"March 19, 2025 6:25 PM",,,,"May 5, 2025 6:18 PM",Cameron Ely-Murdock,,,dFVpakJHd3pXaFRocEZjbQ,,
Count cash box & put anything over $150 in envelope under Richards office door,1,Done,,,,,,Cameron Ely-Murdock,"March 19, 2025 6:25 PM",,,,"May 5, 2025 6:18 PM",Cameron Ely-Murdock,,,OVFYeVIyNzNWbHB6MnN0cA,,
Shift hand-off sheet filled out,1,Done,,,,,,Cameron Ely-Murdock,"March 19, 2025 6:25 PM",,,,"May 5, 2025 6:18 PM",Cameron Ely-Murdock,,,RlZRekhtcXpsbWlZSW5YNA,,
"toilet, sink, mirror, fill soap",3,Done,,,,,,Cameron Ely-Murdock,"March 19, 2025 6:25 PM",,,,"April 14, 2025 6:30 PM",Cameron Ely-Murdock,,,WElNOWw5Y2J0b3VCRVNCZw,,
Restock towels & TP,1,Needed,,,,,,Cameron Ely-Murdock,"March 19, 2025 6:25 PM",,,,"March 30, 2025 7:28 PM",Pipedream,,,WUxOWHFOeUJjSE41eS1Mdg,,
Bathroom - Daily,2,Needed,,,,,,Cameron Ely-Murdock,"March 19, 2025 6:25 PM",,,,"March 30, 2025 7:28 PM",Pipedream,,,b2pZQ3lOVFMzbmZaMFl2NA,,
"Build fire, if needed",5,Needed,,,,,,Cameron Ely-Murdock,"March 19, 2025 6:25 PM",,,,"March 30, 2025 7:28 PM",Pipedream,,,aUFxRGRJTWpNS3ljTTdhbA,,
Open Sign On,1,Needed,,,,,,Cameron Ely-Murdock,"March 19, 2025 6:25 PM",,,,"March 30, 2025 7:28 PM",Pipedream,,,bzdfZFVhRHMtN2JnR2N4SA,,
Music On,1,Needed,,,,,,Cameron Ely-Murdock,"March 19, 2025 6:25 PM",,,,"March 30, 2025 7:28 PM",Pipedream,,,b3ZUNUt1MVdLMkZqRW42QQ,,
Turn on heater/cooler,1,Needed,,,,,,Cameron Ely-Murdock,"March 19, 2025 6:25 PM",,,,"March 30, 2025 7:28 PM",Pipedream,,,ZGpXdmctNGJSbUtReDU3ZQ,,
"Open garage doors, if needed",1,Needed,,,,,,Cameron Ely-Murdock,"March 19, 2025 6:25 PM",,,,"March 30, 2025 7:28 PM",Pipedream,,,RU02NHZyWWtzT0hkMWtVdw,,
Turn all lights on,1,Needed,,,,,,Cameron Ely-Murdock,"March 19, 2025 6:25 PM",,,,"March 30, 2025 7:28 PM",Pipedream,,,dDl2YUtQU3VGY1RiTkdITA,,
Awnings up (if needed),1,Needed,,,,,,Cameron Ely-Murdock,"March 19, 2025 6:25 PM",,,,"March 30, 2025 7:28 PM",Pipedream,,,dzgtTHVKRkZ1QlAwZzM5TQ,,
Wipe outside Tables,1,Needed,,,,,,Cameron Ely-Murdock,"March 19, 2025 6:25 PM",,,,"March 30, 2025 7:28 PM",Pipedream,,,NGh6SmNsZlJHbmVtcFZxRg,,
The Stand Room - Daily,3,Needed,,,,,,Cameron Ely-Murdock,"March 19, 2025 6:25 PM",,,,"March 30, 2025 7:28 PM",Pipedream,,,N2x4emk0RllHdVRHcEEyOQ,,
Stools Outside,1,Needed,,,,,,Cameron Ely-Murdock,"March 19, 2025 6:25 PM",@Cameron Ely-Murdock  (https://www.notion.so/1aa1503617b480f68941c9feb4424819?pvs=21),,,"April 17, 2025 4:08 PM",Cameron Ely-Murdock,,,RElSTVJIUWRLZElrdlJObQ,,
Rug Out,1,Needed,,,,,,Cameron Ely-Murdock,"March 19, 2025 6:25 PM",,,,"March 30, 2025 7:28 PM",Pipedream,,,MUxjaDBELVJ0THdDSHZ6TA,,
Chairs Down,1,Needed,,,,,,Cameron Ely-Murdock,"March 19, 2025 6:25 PM",,,,"March 30, 2025 7:28 PM",Pipedream,,,TmQ4SXlWQjJMUzU1ZEQ5Ng,,
Get cash box,1,Needed,,,,,,Cameron Ely-Murdock,"March 19, 2025 6:25 PM",,,,"March 30, 2025 7:28 PM",Pipedream,,,SFp3eWxta1R1R2o2NThQZQ,,
Café & Patio - Daily,4,Needed,,,,,,Cameron Ely-Murdock,"March 19, 2025 6:25 PM",,,,"March 30, 2025 7:28 PM",Pipedream,,,eWVhUFhnTTdlWGtqeEhIcA,,
Get Ice,1,Needed,,,,,,Cameron Ely-Murdock,"March 19, 2025 6:25 PM",,,,"March 19, 2025 6:25 PM",Cameron Ely-Murdock,,,,,
Get 3 rags for day,1,Needed,,,,,,Cameron Ely-Murdock,"March 19, 2025 6:25 PM",,,,"March 19, 2025 6:25 PM",Cameron Ely-Murdock,,,,,
Connect Calendar,5,Needed,,,,,,Riverside Admin,"March 30, 2025 6:49 PM",,,,"May 5, 2025 6:55 PM",Cameron Ely-Murdock,,"April 1, 2025 12:00 AM (MDT) → April 4, 2025 12:00 AM (MDT)",N3drNzExQUJ6WExTSDZjNw,,
Riverside Tasks - Daily,4,Needed,,,,,,Cameron Ely-Murdock,"March 19, 2025 6:25 PM",,,,"March 19, 2025 6:25 PM",Cameron Ely-Murdock,,,,,
Drip Coffee,1,Needed,,,,,,Cameron Ely-Murdock,"March 19, 2025 6:25 PM",,,,"March 19, 2025 6:25 PM",Cameron Ely-Murdock,,,,,
Restock Pastry Fridge,1,Needed,,,,,,Cameron Ely-Murdock,"March 19, 2025 6:25 PM",,,,"March 19, 2025 6:25 PM",Cameron Ely-Murdock,,,,,
Baked goods out,1,Needed,,,,,,Cameron Ely-Murdock,"March 19, 2025 6:25 PM",,,,"March 19, 2025 6:25 PM",Cameron Ely-Murdock,,,,,
Put away dishes,1,Needed,,,,,,Cameron Ely-Murdock,"March 19, 2025 6:25 PM",,,,"March 19, 2025 6:25 PM",Cameron Ely-Murdock,,,,,
Bake Banana bread and muffins and any other baked goods if needed,10,Needed,,,,,,Cameron Ely-Murdock,"March 19, 2025 6:25 PM",,,,"March 19, 2025 6:25 PM",Cameron Ely-Murdock,,,,,
Oven on 350F,1,Needed,,,,,,Cameron Ely-Murdock,"March 19, 2025 6:25 PM",,,,"March 19, 2025 6:25 PM",Cameron Ely-Murdock,,,,,
Set Grind,3,Needed,,,,,,Cameron Ely-Murdock,"March 19, 2025 6:25 PM",,,,"March 19, 2025 6:25 PM",Cameron Ely-Murdock,,,,,
Warm up machine,1,Needed,,,,,,Cameron Ely-Murdock,"March 19, 2025 6:25 PM",,,,"March 19, 2025 6:25 PM",Cameron Ely-Murdock,,,,,
Assemble Espresso Machine,1,Needed,,,,,,Cameron Ely-Murdock,"March 19, 2025 6:25 PM",,,,"March 19, 2025 6:25 PM",Cameron Ely-Murdock,,,,,
Dump out blue water and rinse off wands,1,Needed,,,,,,Cameron Ely-Murdock,"March 19, 2025 6:25 PM",,,,"March 19, 2025 6:25 PM",Cameron Ely-Murdock,,,,,
Lay out Mats,1,Needed,,,,,,Cameron Ely-Murdock,"March 19, 2025 6:25 PM",,,,"March 19, 2025 6:25 PM",Cameron Ely-Murdock,,,,,
Turn on Doordash iPad,1,Needed,,,,,,Cameron Ely-Murdock,"March 19, 2025 6:25 PM",,,,"March 19, 2025 6:25 PM",Cameron Ely-Murdock,,,,,
Turn front/back lights on,1,Needed,,,,,,Cameron Ely-Murdock,"March 19, 2025 6:25 PM",,,,"March 19, 2025 6:25 PM",Cameron Ely-Murdock,,,,,
Monday: Bring Milk Coolers in,3,Needed,,,,,,Cameron Ely-Murdock,"March 19, 2025 6:25 PM",,,,"March 19, 2025 6:25 PM",Cameron Ely-Murdock,,,,,
Barista Station - Daily,11,Needed,,,,,,Cameron Ely-Murdock,"March 19, 2025 6:25 PM",,,,"March 19, 2025 6:25 PM",Cameron Ely-Murdock,,,,,
WATERING OUTSIDE N/A now (Summer),,Needed,,,,,,Cameron Ely-Murdock,"March 19, 2025 6:25 PM",,,,"March 19, 2025 6:25 PM",Cameron Ely-Murdock,,,,,
Clean floors,5,Awaiting Review,,,,,,Cameron Ely-Murdock,"March 19, 2025 4:00 PM",,,Cameron Ely-Murdock,"March 26, 2025 8:07 AM",Cameron Ely-Murdock,,,,,
Made pudding,3,Done,,,,,"DOOR (https://www.notion.so/DOOR-1f21503617b4808f9739f17bab1e27dd?pvs=21), Shift (https://www.notion.so/Shift-1f21503617b48043b8c2f4e69dd5a3bb?pvs=21)",Cameron Ely-Murdock,"March 5, 2025 11:09 PM",@Cameron Ely-Murdock  (https://www.notion.so/1aa1503617b480f68941c9feb4424819?pvs=21),,Cameron Ely-Murdock,"March 19, 2025 3:35 PM",Cameron Ely-Murdock,,,,,
Swept up,5,Done,,,,,,Cameron Ely-Murdock,"March 5, 2025 7:55 PM",@Cameron Ely-Murdock  (https://www.notion.so/1aa1503617b480f68941c9feb4424819?pvs=21),,Cameron Ely-Murdock,"March 19, 2025 3:35 PM",Cameron Ely-Murdock,,,,,
new 1111,11,Awaiting Review,,,,,,Riverside Admin,"March 30, 2025 7:44 PM",,,,"May 12, 2025 1:35 PM",Cameron Ely-Murdock,,"March 30, 2025 12:00 AM (MDT) → April 3, 2025 12:00 AM (MDT)",cGhHQW43X2tTd19uY0tZMQ,,Cameron Ely-Murdock
Set Up Liquor,10,Awaiting Review,,,,,,Cameron Ely-Murdock,"March 2, 2025 1:54 PM",,,,"March 19, 2025 3:54 PM",Cameron Ely-Murdock,,,,,
Set out Barmats,7,Done,,,,,,Cameron Ely-Murdock,"March 2, 2025 1:55 PM",,,,"March 2, 2025 3:02 PM",Cameron Ely-Murdock,,,,,
Cut lemons/limes,,Needed,,,,,,Cameron Ely-Murdock,"March 2, 2025 1:55 PM",,,,"March 2, 2025 1:56 PM",Cameron Ely-Murdock,,,,,
Barista Station - Daily,11,Needed,,,,,,Cameron Ely-Murdock,"March 19, 2025 5:53 PM",,,,"March 19, 2025 5:53 PM",Cameron Ely-Murdock,,,,,
Monday: Bring Milk Coolers in,3,Needed,,,,,,Cameron Ely-Murdock,"March 19, 2025 5:53 PM",,,,"March 19, 2025 5:53 PM",Cameron Ely-Murdock,,,,,
Turn front/back lights on,1,Needed,,,,,,Cameron Ely-Murdock,"March 19, 2025 5:53 PM",,,,"March 19, 2025 5:53 PM",Cameron Ely-Murdock,,,,,
Lay out Mats,1,Needed,,,,,,Cameron Ely-Murdock,"March 19, 2025 5:53 PM",,,,"March 19, 2025 5:53 PM",Cameron Ely-Murdock,,,,,
Turn on Doordash iPad,1,Needed,,,,,,Cameron Ely-Murdock,"March 19, 2025 5:53 PM",,,,"March 19, 2025 5:53 PM",Cameron Ely-Murdock,,,,,
Dump out blue water and rinse off wands,1,Needed,,,,,,Cameron Ely-Murdock,"March 19, 2025 5:53 PM",,,,"March 19, 2025 5:53 PM",Cameron Ely-Murdock,,,,,
Assemble Espresso Machine,1,Needed,,,,,,Cameron Ely-Murdock,"March 19, 2025 5:53 PM",,,,"March 19, 2025 5:53 PM",Cameron Ely-Murdock,,,,,
Warm up machine,1,Needed,,,,,,Cameron Ely-Murdock,"March 19, 2025 5:53 PM",,,,"March 19, 2025 5:53 PM",Cameron Ely-Murdock,,,,,
Set Grind,3,Needed,,,,,,Cameron Ely-Murdock,"March 19, 2025 5:53 PM",,,,"March 19, 2025 5:53 PM",Cameron Ely-Murdock,,,,,
Oven on 350F,1,Needed,,,,,,Cameron Ely-Murdock,"March 19, 2025 5:53 PM",,,,"March 19, 2025 5:53 PM",Cameron Ely-Murdock,,,,,
Put away dishes,1,Needed,,,,,,Cameron Ely-Murdock,"March 19, 2025 5:53 PM",,,,"March 19, 2025 5:53 PM",Cameron Ely-Murdock,,,,,
Bake Banana bread and muffins and any other baked goods if needed,5,Needed,,,,,,Cameron Ely-Murdock,"March 19, 2025 5:53 PM",,,,"March 19, 2025 6:17 PM",Cameron Ely-Murdock,,,,,
Baked goods out,1,Needed,,,,,,Cameron Ely-Murdock,"March 19, 2025 5:53 PM",,,,"March 19, 2025 5:53 PM",Cameron Ely-Murdock,,,,,
Restock Pastry Fridge,1,Needed,,,,,,Cameron Ely-Murdock,"March 19, 2025 5:53 PM",,,,"March 19, 2025 5:53 PM",Cameron Ely-Murdock,,,,,
Riverside Tasks - Daily,4,Needed,,,,,,Cameron Ely-Murdock,"March 19, 2025 5:53 PM",,,,"March 19, 2025 5:53 PM",Cameron Ely-Murdock,,,,,
Drip Coffee,1,Needed,,,,,,Cameron Ely-Murdock,"March 19, 2025 5:53 PM",,,,"March 19, 2025 5:53 PM",Cameron Ely-Murdock,,,,,
Get 3 rags for day,1,Needed,,,,,,Cameron Ely-Murdock,"March 19, 2025 5:53 PM",,,,"March 19, 2025 5:53 PM",Cameron Ely-Murdock,,,,,
Get Ice,1,Needed,,,,,,Cameron Ely-Murdock,"March 19, 2025 5:53 PM",,,,"March 19, 2025 5:53 PM",Cameron Ely-Murdock,,,,,
Café & Patio - Daily,4,Needed,,,,,,Cameron Ely-Murdock,"March 19, 2025 5:53 PM",,,,"March 19, 2025 5:53 PM",Cameron Ely-Murdock,,,,,
Get cash box,1,Needed,,,,,,Cameron Ely-Murdock,"March 19, 2025 5:53 PM",,,,"March 19, 2025 5:53 PM",Cameron Ely-Murdock,,,,,
Rug Out,1,Needed,,,,,,Cameron Ely-Murdock,"March 19, 2025 5:53 PM",,,,"March 19, 2025 5:53 PM",Cameron Ely-Murdock,,,,,
Chairs Down,1,Needed,,,,,,Cameron Ely-Murdock,"March 19, 2025 5:53 PM",,,,"March 19, 2025 5:53 PM",Cameron Ely-Murdock,,,,,
Wipe outside Tables,1,Needed,,,,,,Cameron Ely-Murdock,"March 19, 2025 5:53 PM",,,,"March 19, 2025 5:53 PM",Cameron Ely-Murdock,,,,,
Stools Outside,1,Needed,,,,,,Cameron Ely-Murdock,"March 19, 2025 5:53 PM",,,,"March 19, 2025 5:53 PM",Cameron Ely-Murdock,,,,,
Awnings up (if needed),1,Needed,,,,,,Cameron Ely-Murdock,"March 19, 2025 5:53 PM",,,,"March 19, 2025 5:53 PM",Cameron Ely-Murdock,,,,,
The Stand Room - Daily,3,Needed,,,,,,Cameron Ely-Murdock,"March 19, 2025 5:53 PM",,,,"March 19, 2025 5:53 PM",Cameron Ely-Murdock,,,,,
"Open garage doors, if needed)",1,Needed,,,,,,Cameron Ely-Murdock,"March 19, 2025 5:53 PM",,,,"March 19, 2025 5:53 PM",Cameron Ely-Murdock,,,,,
Turn all lights on,1,Needed,,,,,,Cameron Ely-Murdock,"March 19, 2025 5:53 PM",,,,"March 19, 2025 5:53 PM",Cameron Ely-Murdock,,,,,
Turn on heater/cooler,1,Needed,,,,,,Cameron Ely-Murdock,"March 19, 2025 5:53 PM",,,,"March 19, 2025 5:53 PM",Cameron Ely-Murdock,,,,,
Music On,1,Needed,,,,,,Cameron Ely-Murdock,"March 19, 2025 5:53 PM",,,,"March 19, 2025 5:53 PM",Cameron Ely-Murdock,,,,,
Open Sign On,1,Needed,,,,,,Cameron Ely-Murdock,"March 19, 2025 5:53 PM",,,,"March 19, 2025 5:53 PM",Cameron Ely-Murdock,,,,,
"Build fire, if needed.",5,Needed,,,,,,Cameron Ely-Murdock,"March 19, 2025 5:53 PM",,,,"March 19, 2025 5:53 PM",Cameron Ely-Murdock,,,,,
Bathroom - Daily,2,Needed,,,,,,Cameron Ely-Murdock,"March 19, 2025 5:53 PM",,,,"March 19, 2025 5:53 PM",Cameron Ely-Murdock,,,,,
Restock towels & TP,1,Needed,,,,,,Cameron Ely-Murdock,"March 19, 2025 5:53 PM",,,,"March 19, 2025 5:53 PM",Cameron Ely-Murdock,,,,,
"toilet, sink, mirror, fill soap",3,Needed,,,,,,Cameron Ely-Murdock,"March 19, 2025 5:53 PM",,,,"March 19, 2025 5:53 PM",Cameron Ely-Murdock,,,,,
Count cash box & put anything over $150 in envelope under Richards office door,1,Needed,,,,,,Cameron Ely-Murdock,"March 19, 2025 5:53 PM",,,,"March 19, 2025 5:53 PM",Cameron Ely-Murdock,,,,,
Shift hand-off sheet filled out,1,Needed,,,,,,Cameron Ely-Murdock,"March 19, 2025 5:53 PM",,,,"March 19, 2025 5:53 PM",Cameron Ely-Murdock,,,,,
Give shift report to next staff & communicate new/what needs to be done,1,Needed,,,,,,Cameron Ely-Murdock,"March 19, 2025 5:53 PM",,,,"March 19, 2025 5:53 PM",Cameron Ely-Murdock,,,,,
Check schedule for next two weeks and confirm shifts.,1,Needed,,,,,,Cameron Ely-Murdock,"March 19, 2025 5:53 PM",,,,"March 19, 2025 5:53 PM",Cameron Ely-Murdock,,,,,
Restocking,14,Needed,,,,,,Cameron Ely-Murdock,"March 19, 2025 5:53 PM",,,,"March 19, 2025 5:53 PM",Cameron Ely-Murdock,,,,,
Look for boxes that have been delivered - open them - put stock away - discard packaging,3,Needed,,,,,,Cameron Ely-Murdock,"March 19, 2025 5:53 PM",,,,"March 19, 2025 5:53 PM",Cameron Ely-Murdock,,,,,
Restock Teas,3,Needed,,,,,,Cameron Ely-Murdock,"March 19, 2025 5:53 PM",,,,"March 19, 2025 5:53 PM",Cameron Ely-Murdock,,,,,
"Restock paper goods (cups, lids, straws, forks, napkins, sleeves)",1,Needed,,,,,,Cameron Ely-Murdock,"March 19, 2025 5:53 PM",,,,"March 19, 2025 5:53 PM",Cameron Ely-Murdock,,,,,
"Restock customer station (sugars, lids, straws, stir sticks, forks)",1,Needed,,,,,,Cameron Ely-Murdock,"March 19, 2025 5:53 PM",,,,"March 19, 2025 5:53 PM",Cameron Ely-Murdock,,,,,
Restock pies,1,Needed,,,,,,Cameron Ely-Murdock,"March 19, 2025 5:53 PM",,,,"March 19, 2025 5:53 PM",Cameron Ely-Murdock,,,,,
Restock Milk Fridge,1,Needed,,,,,,Cameron Ely-Murdock,"March 19, 2025 5:53 PM",,,,"March 19, 2025 5:53 PM",Cameron Ely-Murdock,,,,,
Check pies for restocking & defrost if needed,1,Needed,,,,,,Cameron Ely-Murdock,"March 19, 2025 5:53 PM",,,,"March 19, 2025 5:53 PM",Cameron Ely-Murdock,,,,,
"Restock paper goods behind counter (cups, lids, pie bags, napkins)",1,Needed,,,,,,Cameron Ely-Murdock,"March 19, 2025 5:53 PM",,,,"March 19, 2025 5:53 PM",Cameron Ely-Murdock,,,,,
"Restock sugars, honey, cinnamon, nutmeg",1,Needed,,,,,,Cameron Ely-Murdock,"March 19, 2025 5:53 PM",,,,"March 19, 2025 5:53 PM",Cameron Ely-Murdock,,,,,
"Refill syrups, and wipe bottles",1,Needed,,,,,,Cameron Ely-Murdock,"March 19, 2025 5:53 PM",,,,"March 19, 2025 5:53 PM",Cameron Ely-Murdock,,,,,
Bake Banana bread and muffins and any other baked goods if needed,10,Needed,,,,,,Cameron Ely-Murdock,"March 19, 2025 5:53 PM",,,,"March 19, 2025 5:53 PM",Cameron Ely-Murdock,,,,,
Make new syrups,10,Needed,,,,,,Cameron Ely-Murdock,"March 19, 2025 5:53 PM",,,,"March 19, 2025 6:17 PM",Cameron Ely-Murdock,,,,,
Count cash box & put anything over $150 in envelope under Richards office door,1,Needed,,,,,,Cameron Ely-Murdock,"March 19, 2025 5:53 PM",,,,"March 19, 2025 5:53 PM",Cameron Ely-Murdock,,,,,
Shift hand-off sheet filled out,1,Needed,,,,,,Cameron Ely-Murdock,"March 19, 2025 5:53 PM",,,,"March 19, 2025 5:53 PM",Cameron Ely-Murdock,,,,,
Windex front door,1,Needed,,,,,,Cameron Ely-Murdock,"March 19, 2025 5:53 PM",,,,"March 19, 2025 5:53 PM",Cameron Ely-Murdock,,,,,
Give shift report to next staff & communicate new/what needs to be done,1,Needed,,,,,,Cameron Ely-Murdock,"March 19, 2025 5:53 PM",,,,"March 19, 2025 5:53 PM",Cameron Ely-Murdock,,,,,
Clean honey combs & piano,3,Needed,,,,,,Cameron Ely-Murdock,"March 19, 2025 5:53 PM",,,,"March 19, 2025 5:53 PM",Cameron Ely-Murdock,,,,,
Straighten bookshelves in comm room,1,Needed,,,,,,Cameron Ely-Murdock,"March 19, 2025 5:53 PM",,,,"March 19, 2025 5:53 PM",Cameron Ely-Murdock,,,,,
Stamp cups,2,Needed,,,,,,Cameron Ely-Murdock,"March 19, 2025 5:53 PM",,,,"March 19, 2025 5:53 PM",Cameron Ely-Murdock,,,,,
Sweep deck & wipe outside tables,1,Needed,,,,,,Cameron Ely-Murdock,"March 19, 2025 5:53 PM",,,,"March 19, 2025 5:53 PM",Cameron Ely-Murdock,,,,,
Date Milks & Chais,1,Needed,,,,,,Cameron Ely-Murdock,"March 19, 2025 5:53 PM",,,,"March 19, 2025 5:53 PM",Cameron Ely-Murdock,,,,,
"Clean Syrup area; bottles, mats, white tiles (including down low!)",3,Needed,,,,,,Cameron Ely-Murdock,"March 19, 2025 5:53 PM",,,,"March 19, 2025 5:53 PM",Cameron Ely-Murdock,,,,,
"Wipe (4) clear acrylic shelves shelves (teas, glasswear)",3,Needed,,,,,,Cameron Ely-Murdock,"March 19, 2025 5:53 PM",,,,"March 19, 2025 5:53 PM",Cameron Ely-Murdock,,,,,
Water all plants INSIDE if time on midday shift- let evening know you did it already if you did please. TY,10,Needed,,,,,,Cameron Ely-Murdock,"March 19, 2025 5:53 PM",,,,"March 19, 2025 5:53 PM",Cameron Ely-Murdock,,,,,
Clean Display Case (pies),1,Needed,,,,,,Cameron Ely-Murdock,"March 19, 2025 5:53 PM",,,,"March 19, 2025 5:53 PM",Cameron Ely-Murdock,,,,,
Check schedule for next two weeks and confirm shifts.,1,Needed,,,,,,Cameron Ely-Murdock,"March 19, 2025 5:53 PM",,,,"March 19, 2025 5:53 PM",Cameron Ely-Murdock,,,,,
Barista Station,14,Needed,,,,,,Cameron Ely-Murdock,"March 19, 2025 5:53 PM",,,,"March 19, 2025 5:53 PM",Cameron Ely-Murdock,,,,,
"Water all plants INSIDE every SUNDAY, MONDAY, TUESDAY, WEDNESDAY, SATURDAY Evenings if not done in midday",10,Needed,,,,,,Cameron Ely-Murdock,"March 19, 2025 5:53 PM",,,,"March 19, 2025 5:53 PM",Cameron Ely-Murdock,,,,,
Clean espresso machine,2,Needed,,,,,,Cameron Ely-Murdock,"March 19, 2025 5:53 PM",,,,"March 19, 2025 5:53 PM",Cameron Ely-Murdock,,,,,
Soak wands w 30mL Blue Cleaner in cups overnight to soak,2,Needed,,,,,,Cameron Ely-Murdock,"March 19, 2025 5:53 PM",,,,"March 19, 2025 5:53 PM",Cameron Ely-Murdock,,,,,
Wipe Counters,1,Needed,,,,,,Cameron Ely-Murdock,"March 19, 2025 5:53 PM",,,,"March 19, 2025 5:53 PM",Cameron Ely-Murdock,,,,,
Wipe down espresso machine,1,Needed,,,,,,Cameron Ely-Murdock,"March 19, 2025 5:53 PM",,,,"March 19, 2025 5:53 PM",Cameron Ely-Murdock,,,,,
"Wipe outside fridge (doors, handles, under espresso machine, sides)",1,Needed,,,,,,Cameron Ely-Murdock,"March 19, 2025 5:53 PM",,,,"March 19, 2025 5:53 PM",Cameron Ely-Murdock,,,,,
Wipe inside fridge,1,Needed,,,,,,Cameron Ely-Murdock,"March 19, 2025 5:53 PM",,,,"March 19, 2025 5:53 PM",Cameron Ely-Murdock,,,,,
Scrub sinks and backsplash shiny with Cafiza and sponge,2,Needed,,,,,,Cameron Ely-Murdock,"March 19, 2025 5:53 PM",,,,"March 19, 2025 5:53 PM",Cameron Ely-Murdock,,,,,
"Wipe tables, counters & customer station",1,Needed,,,,,,Cameron Ely-Murdock,"March 19, 2025 5:53 PM",,,,"March 19, 2025 5:53 PM",Cameron Ely-Murdock,,,,,
"Wipe/wash bakery domes, display planks and pie plates",2,Needed,,,,,,Cameron Ely-Murdock,"March 19, 2025 5:53 PM",,,,"March 19, 2025 5:53 PM",Cameron Ely-Murdock,,,,,
"Clean drips (fridge, grinder counter, bottom espresso machine under wand)",1,Needed,,,,,,Cameron Ely-Murdock,"March 19, 2025 5:53 PM",,,,"March 19, 2025 5:53 PM",Cameron Ely-Murdock,,,,,
Clean Grinders,2,Needed,,,,,,Cameron Ely-Murdock,"March 19, 2025 5:53 PM",,,,"March 19, 2025 5:53 PM",Cameron Ely-Murdock,,,,,
Oven off,1,Needed,,,,,,Cameron Ely-Murdock,"March 19, 2025 5:53 PM",,,,"March 19, 2025 5:53 PM",Cameron Ely-Murdock,,,,,
Chair/stools inside,1,Needed,,,,,,Cameron Ely-Murdock,"March 19, 2025 5:53 PM",,,,"March 19, 2025 5:53 PM",Cameron Ely-Murdock,,,,,
Outside:,3,Needed,,,,,,Cameron Ely-Murdock,"March 19, 2025 5:53 PM",,,,"March 19, 2025 5:53 PM",Cameron Ely-Murdock,,,,,
Awnings Down & secured,2,Needed,,,,,,Cameron Ely-Murdock,"March 19, 2025 5:53 PM",,,,"March 19, 2025 5:53 PM",Cameron Ely-Murdock,,,,,
Interior Cleaning,5,Needed,,,,,,Cameron Ely-Murdock,"March 19, 2025 5:53 PM",,,,"March 19, 2025 5:53 PM",Cameron Ely-Murdock,,,,,
Vacuum carpets,2,Needed,,,,,,Cameron Ely-Murdock,"March 19, 2025 5:53 PM",,,,"March 19, 2025 5:53 PM",Cameron Ely-Murdock,,,,,
Sweep cafe,1,Needed,,,,,,Cameron Ely-Murdock,"March 19, 2025 5:53 PM",,,,"March 19, 2025 5:53 PM",Cameron Ely-Murdock,,,,,
Sweep stand,2,Needed,,,,,,Cameron Ely-Murdock,"March 19, 2025 5:53 PM",,,,"March 19, 2025 5:53 PM",Cameron Ely-Murdock,,,,,
Sweep bathroom),1,Needed,,,,,,Cameron Ely-Murdock,"March 19, 2025 5:53 PM",,,,"March 19, 2025 5:53 PM",Cameron Ely-Murdock,,,,,
Equipment,5,Needed,,,,,,Cameron Ely-Murdock,"March 19, 2025 5:53 PM",,,,"March 19, 2025 5:53 PM",Cameron Ely-Murdock,,,,,
Flip sign “closed” and turn off open sign,1,Needed,,,,,,Cameron Ely-Murdock,"March 19, 2025 5:53 PM",,,,"March 19, 2025 5:53 PM",Cameron Ely-Murdock,,,,,
Speaker off/plugged in to charge,1,Needed,,,,,,Cameron Ely-Murdock,"March 19, 2025 5:53 PM",,,,"March 19, 2025 5:53 PM",Cameron Ely-Murdock,,,,,
"Lights out (cafe, stand, string lights, coffee sign & leave on track light)",1,Needed,,,,,,Cameron Ely-Murdock,"March 19, 2025 5:53 PM",,,,"March 19, 2025 5:53 PM",Cameron Ely-Murdock,,,,,
Turn off heat/swamp cooler/ac,1,Needed,,,,,,Cameron Ely-Murdock,"March 19, 2025 5:53 PM",,,,"March 19, 2025 5:53 PM",Cameron Ely-Murdock,,,,,
Mop every area (use utility sink in back to fill but dump mop water outside out back UTILITY SINK DOES NOT DRAIN SO DO NOT DUMP IN SINK),10,Needed,,,,,,Cameron Ely-Murdock,"March 19, 2025 5:53 PM",,,,"March 19, 2025 5:53 PM",Cameron Ely-Murdock,,,,,
"Check fridges (walk in closed, display case plugged in)",1,Needed,,,,,,Cameron Ely-Murdock,"March 19, 2025 5:53 PM",,,,"March 19, 2025 5:53 PM",Cameron Ely-Murdock,,,,,
Final Checks,3,Needed,,,,,,Cameron Ely-Murdock,"March 19, 2025 5:53 PM",,,,"March 19, 2025 5:53 PM",Cameron Ely-Murdock,,,,,
Close garage doors & secure shut with straps,1,Needed,,,,,,Cameron Ely-Murdock,"March 19, 2025 5:53 PM",,,,"March 19, 2025 5:53 PM",Cameron Ely-Murdock,,,,,
Trash out and re-line bags (remember bathroom!),1,Needed,,,,,,Cameron Ely-Murdock,"March 19, 2025 5:53 PM",,,,"March 19, 2025 5:53 PM",Cameron Ely-Murdock,,,,,
Empty full trash can & check bus tub,1,Needed,,,,,,Cameron Ely-Murdock,"March 19, 2025 5:53 PM",,,,"March 19, 2025 5:53 PM",Cameron Ely-Murdock,,,,,
RIVERSIDE:,10,Needed,,,,,,Cameron Ely-Murdock,"March 19, 2025 5:53 PM",,,,"March 19, 2025 5:53 PM",Cameron Ely-Murdock,,,,,
"Empty urn, fill with water & cleaner, take to Riverside sink",3,Needed,,,,,,Cameron Ely-Murdock,"March 19, 2025 5:53 PM",,,,"March 19, 2025 5:53 PM",Cameron Ely-Murdock,,,,,
Cash Box  (on top of printer cabinet),1,Needed,,,,,,Cameron Ely-Murdock,"March 19, 2025 5:53 PM",,,,"March 19, 2025 5:53 PM",Cameron Ely-Murdock,,,,,
"ALL dishes; pans, empty pie boxes, etc. back to Riverside and wash them all (DO NOT LEAVE FOR OTHER STAFF)",5,Needed,,,,,,Cameron Ely-Murdock,"March 19, 2025 5:53 PM",,,,"March 19, 2025 5:53 PM",Cameron Ely-Murdock,,,,,
Dirty Rags,1,Needed,,,,,,Cameron Ely-Murdock,"March 19, 2025 5:53 PM",,,,"March 19, 2025 5:53 PM",Cameron Ely-Murdock,,,,,
"Leave warm and cold water dripping at 2 sinks at coffee prep area, and at bathroom sink at night (to keep from freezing)",1,Needed,,,,,,Cameron Ely-Murdock,"March 19, 2025 5:53 PM",,,,"March 19, 2025 5:53 PM",Cameron Ely-Murdock,,,,,
Charge Tablet overnight,1,Needed,,,,,,Cameron Ely-Murdock,"March 19, 2025 5:53 PM",,,,"March 19, 2025 5:53 PM",Cameron Ely-Murdock,,,,,
Empty ice drain (and make sure hose is in container),1,Needed,,,,,,Cameron Ely-Murdock,"March 19, 2025 5:53 PM",,,,"March 19, 2025 5:53 PM",Cameron Ely-Murdock,,,,,
Empty bus tub,1,Needed,,,,,,Cameron Ely-Murdock,"March 19, 2025 5:53 PM",,,,"March 19, 2025 5:53 PM",Cameron Ely-Murdock,,,,,
Chairs up,1,Needed,,,,,,Cameron Ely-Murdock,"March 19, 2025 5:53 PM",,,,"March 19, 2025 5:53 PM",Cameron Ely-Murdock,,,,,
Take cash tips,,Needed,,,,,,Cameron Ely-Murdock,"March 19, 2025 5:53 PM",,,,"March 19, 2025 5:53 PM",Cameron Ely-Murdock,,,,,
Count cash box & put anything over $150 in  envelope under Richards office door,1,Needed,,,,,,Cameron Ely-Murdock,"March 19, 2025 5:53 PM",,,,"March 19, 2025 5:53 PM",Cameron Ely-Murdock,,,,,
Shift hand-off sheet filled out,1,Needed,,,,,,Cameron Ely-Murdock,"March 19, 2025 5:53 PM",,,,"March 19, 2025 5:53 PM",Cameron Ely-Murdock,,,,,
Leave shift report for Miranda,1,Needed,,,,,,Cameron Ely-Murdock,"March 19, 2025 5:53 PM",,,,"March 19, 2025 5:53 PM",Cameron Ely-Murdock,,,,,
Check schedule for next two weeks and confirm shifts.,1,Needed,,,,,,Cameron Ely-Murdock,"March 19, 2025 5:53 PM",,,,"March 19, 2025 5:53 PM",Cameron Ely-Murdock,,,,,
Sunday: put milk coolers out (Put blankets with them in winter so they can cover and not freeze)- Evening,3,Needed,,,,,,Cameron Ely-Murdock,"March 19, 2025 5:53 PM",,,,"March 19, 2025 5:53 PM",Cameron Ely-Murdock,,,,,
Tuesday: Take apart espresso machine 1x/week- Evening,,Needed,,,,,,Cameron Ely-Murdock,"March 19, 2025 5:53 PM",,,,"March 19, 2025 5:53 PM",Cameron Ely-Murdock,,,,,
Made how many smoothies,1,Needed,,,,,,Cameron Ely-Murdock,"March 19, 2025 5:53 PM",,,,"March 19, 2025 5:53 PM",Cameron Ely-Murdock,,,,,
Barista Station - Daily,11,Needed,,,,,,Cameron Ely-Murdock,"March 19, 2025 6:17 PM",,,,"March 19, 2025 6:17 PM",Cameron Ely-Murdock,,,,,
Monday: Bring Milk Coolers in,3,Needed,,,,,,Cameron Ely-Murdock,"March 19, 2025 6:17 PM",,,,"March 19, 2025 6:17 PM",Cameron Ely-Murdock,,,,,
Turn front/back lights on,1,Needed,,,,,,Cameron Ely-Murdock,"March 19, 2025 6:17 PM",,,,"March 19, 2025 6:17 PM",Cameron Ely-Murdock,,,,,
Turn on Doordash iPad,1,Needed,,,,,,Cameron Ely-Murdock,"March 19, 2025 6:17 PM",,,,"March 19, 2025 6:17 PM",Cameron Ely-Murdock,,,,,
Lay out Mats,1,Needed,,,,,,Cameron Ely-Murdock,"March 19, 2025 6:17 PM",,,,"March 19, 2025 6:17 PM",Cameron Ely-Murdock,,,,,
Dump out blue water and rinse off wands,1,Needed,,,,,,Cameron Ely-Murdock,"March 19, 2025 6:17 PM",,,,"March 19, 2025 6:17 PM",Cameron Ely-Murdock,,,,,
Assemble Espresso Machine,1,Needed,,,,,,Cameron Ely-Murdock,"March 19, 2025 6:17 PM",,,,"March 19, 2025 6:17 PM",Cameron Ely-Murdock,,,,,
Set Grind,3,Needed,,,,,,Cameron Ely-Murdock,"March 19, 2025 6:17 PM",,,,"March 19, 2025 6:17 PM",Cameron Ely-Murdock,,,,,
Warm up machine,1,Needed,,,,,,Cameron Ely-Murdock,"March 19, 2025 6:17 PM",,,,"March 19, 2025 6:17 PM",Cameron Ely-Murdock,,,,,
Bake Banana bread and muffins and any other baked goods if needed,10,Needed,,,,,,Cameron Ely-Murdock,"March 19, 2025 6:17 PM",,,,"March 19, 2025 6:17 PM",Cameron Ely-Murdock,,,,,
Oven on 350F,1,Needed,,,,,,Cameron Ely-Murdock,"March 19, 2025 6:17 PM",,,,"March 19, 2025 6:17 PM",Cameron Ely-Murdock,,,,,
Put away dishes,1,Needed,,,,,,Cameron Ely-Murdock,"March 19, 2025 6:17 PM",,,,"March 19, 2025 6:17 PM",Cameron Ely-Murdock,,,,,
Baked goods out,1,Needed,,,,,,Cameron Ely-Murdock,"March 19, 2025 6:17 PM",,,,"March 19, 2025 6:17 PM",Cameron Ely-Murdock,,,,,
Drip Coffee,1,Needed,,,,,,Cameron Ely-Murdock,"March 19, 2025 6:17 PM",,,,"March 19, 2025 6:17 PM",Cameron Ely-Murdock,,,,,
Riverside Tasks - Daily,4,Needed,,,,,,Cameron Ely-Murdock,"March 19, 2025 6:17 PM",,,,"March 19, 2025 6:17 PM",Cameron Ely-Murdock,,,,,
Restock Pastry Fridge,1,Needed,,,,,,Cameron Ely-Murdock,"March 19, 2025 6:17 PM",,,,"March 19, 2025 6:17 PM",Cameron Ely-Murdock,,,,,
Get Ice,1,Needed,,,,,,Cameron Ely-Murdock,"March 19, 2025 6:17 PM",,,,"March 19, 2025 6:17 PM",Cameron Ely-Murdock,,,,,
Get 3 rags for day,1,Needed,,,,,,Cameron Ely-Murdock,"March 19, 2025 6:17 PM",,,,"March 19, 2025 6:17 PM",Cameron Ely-Murdock,,,,,
Get cash box,1,Needed,,,,,,Cameron Ely-Murdock,"March 19, 2025 6:17 PM",,,,"March 19, 2025 6:17 PM",Cameron Ely-Murdock,,,,,
Rug Out,1,Needed,,,,,,Cameron Ely-Murdock,"March 19, 2025 6:17 PM",,,,"March 19, 2025 6:17 PM",Cameron Ely-Murdock,,,,,
Café & Patio - Daily,4,Needed,,,,,,Cameron Ely-Murdock,"March 19, 2025 6:17 PM",,,,"March 19, 2025 6:17 PM",Cameron Ely-Murdock,,,,,
Chairs Down,1,Needed,,,,,,Cameron Ely-Murdock,"March 19, 2025 6:17 PM",,,,"March 19, 2025 6:17 PM",Cameron Ely-Murdock,,,,,
Wipe outside Tables,1,Needed,,,,,,Cameron Ely-Murdock,"March 19, 2025 6:17 PM",,,,"March 19, 2025 6:17 PM",Cameron Ely-Murdock,,,,,
Stools Outside,1,Needed,,,,,,Cameron Ely-Murdock,"March 19, 2025 6:17 PM",,,,"March 19, 2025 6:17 PM",Cameron Ely-Murdock,,,,,
Turn all lights on,1,Needed,,,,,,Cameron Ely-Murdock,"March 19, 2025 6:17 PM",,,,"March 19, 2025 6:17 PM",Cameron Ely-Murdock,,,,,
The Stand Room - Daily,3,Needed,,,,,,Cameron Ely-Murdock,"March 19, 2025 6:17 PM",,,,"March 19, 2025 6:17 PM",Cameron Ely-Murdock,,,,,
Awnings up (if needed),1,Needed,,,,,,Cameron Ely-Murdock,"March 19, 2025 6:17 PM",,,,"March 19, 2025 6:17 PM",Cameron Ely-Murdock,,,,,
"Open garage doors, if needed)",1,Needed,,,,,,Cameron Ely-Murdock,"March 19, 2025 6:17 PM",,,,"March 19, 2025 6:17 PM",Cameron Ely-Murdock,,,,,
Music On,1,Needed,,,,,,Cameron Ely-Murdock,"March 19, 2025 6:17 PM",,,,"March 19, 2025 6:17 PM",Cameron Ely-Murdock,,,,,
Open Sign On,1,Needed,,,,,,Cameron Ely-Murdock,"March 19, 2025 6:17 PM",,,,"March 19, 2025 6:17 PM",Cameron Ely-Murdock,,,,,
Turn on heater/cooler,1,Needed,,,,,,Cameron Ely-Murdock,"March 19, 2025 6:17 PM",,,,"March 19, 2025 6:17 PM",Cameron Ely-Murdock,,,,,
"Build fire, if needed.",5,Needed,,,,,,Cameron Ely-Murdock,"March 19, 2025 6:17 PM",,,,"March 19, 2025 6:17 PM",Cameron Ely-Murdock,,,,,
Restock towels & TP,1,Needed,,,,,,Cameron Ely-Murdock,"March 19, 2025 6:17 PM",,,,"March 19, 2025 6:17 PM",Cameron Ely-Murdock,,,,,
Bathroom - Daily,2,Needed,,,,,,Cameron Ely-Murdock,"March 19, 2025 6:17 PM",,,,"March 19, 2025 6:17 PM",Cameron Ely-Murdock,,,,,
Count cash box & put anything over $150 in envelope under Richards office door,1,Needed,,,,,,Cameron Ely-Murdock,"March 19, 2025 6:17 PM",,,,"March 19, 2025 6:17 PM",Cameron Ely-Murdock,,,,,
Shift hand-off sheet filled out,1,Needed,,,,,,Cameron Ely-Murdock,"March 19, 2025 6:17 PM",,,,"March 19, 2025 6:17 PM",Cameron Ely-Murdock,,,,,
"toilet, sink, mirror, fill soap",3,Needed,,,,,,Cameron Ely-Murdock,"March 19, 2025 6:17 PM",,,,"March 19, 2025 6:17 PM",Cameron Ely-Murdock,,,,,
Check schedule for next two weeks and confirm shifts.,1,Needed,,,,,,Cameron Ely-Murdock,"March 19, 2025 6:17 PM",,,,"March 19, 2025 6:17 PM",Cameron Ely-Murdock,,,,,
Give shift report to next staff & communicate new/what needs to be done,1,Needed,,,,,,Cameron Ely-Murdock,"March 19, 2025 6:17 PM",,,,"March 19, 2025 6:17 PM",Cameron Ely-Murdock,,,,,
Restock Teas,3,Needed,,,,,,Cameron Ely-Murdock,"March 19, 2025 6:17 PM",,,,"March 19, 2025 6:17 PM",Cameron Ely-Murdock,,,,,
Restocking,14,Needed,,,,,,Cameron Ely-Murdock,"March 19, 2025 6:17 PM",,,,"March 19, 2025 6:17 PM",Cameron Ely-Murdock,,,,,
Look for boxes that have been delivered - open them - put stock away - discard packaging,3,Needed,,,,,,Cameron Ely-Murdock,"March 19, 2025 6:17 PM",,,,"March 19, 2025 6:17 PM",Cameron Ely-Murdock,,,,,
"Restock customer station (sugars, lids, straws, stir sticks, forks)",1,Needed,,,,,,Cameron Ely-Murdock,"March 19, 2025 6:17 PM",,,,"March 19, 2025 6:17 PM",Cameron Ely-Murdock,,,,,
"Restock paper goods (cups, lids, straws, forks, napkins, sleeves)",1,Needed,,,,,,Cameron Ely-Murdock,"March 19, 2025 6:17 PM",,,,"March 19, 2025 6:17 PM",Cameron Ely-Murdock,,,,,
Restock pies,1,Needed,,,,,,Cameron Ely-Murdock,"March 19, 2025 6:17 PM",,,,"March 19, 2025 6:17 PM",Cameron Ely-Murdock,,,,,
Restock Milk Fridge,1,Needed,,,,,,Cameron Ely-Murdock,"March 19, 2025 6:17 PM",,,,"March 19, 2025 6:17 PM",Cameron Ely-Murdock,,,,,
Check pies for restocking & defrost if needed,1,Needed,,,,,,Cameron Ely-Murdock,"March 19, 2025 6:17 PM",,,,"March 19, 2025 6:17 PM",Cameron Ely-Murdock,,,,,
"Restock paper goods behind counter (cups, lids, pie bags, napkins)",1,Needed,,,,,,Cameron Ely-Murdock,"March 19, 2025 6:17 PM",,,,"March 19, 2025 6:17 PM",Cameron Ely-Murdock,,,,,
"Restock sugars, honey, cinnamon, nutmeg",1,Needed,,,,,,Cameron Ely-Murdock,"March 19, 2025 6:17 PM",,,,"March 19, 2025 6:17 PM",Cameron Ely-Murdock,,,,,
Make new syrups,510,Needed,,,,,,Cameron Ely-Murdock,"March 19, 2025 6:17 PM",,,,"March 19, 2025 6:17 PM",Cameron Ely-Murdock,,,,,
"Refill syrups, and wipe bottles",1,Needed,,,,,,Cameron Ely-Murdock,"March 19, 2025 6:17 PM",,,,"March 19, 2025 6:17 PM",Cameron Ely-Murdock,,,,,
Bake Banana bread and muffins and any other baked goods if needed,10,Needed,,,,,,Cameron Ely-Murdock,"March 19, 2025 6:17 PM",,,,"March 19, 2025 6:17 PM",Cameron Ely-Murdock,,,,,
Shift hand-off sheet filled out,1,Needed,,,,,,Cameron Ely-Murdock,"March 19, 2025 6:17 PM",,,,"March 19, 2025 6:17 PM",Cameron Ely-Murdock,,,,,
Count cash box & put anything over $150 in envelope under Richards office door,1,Needed,,,,,,Cameron Ely-Murdock,"March 19, 2025 6:17 PM",,,,"March 19, 2025 6:17 PM",Cameron Ely-Murdock,,,,,
Windex front door,1,Needed,,,,,,Cameron Ely-Murdock,"March 19, 2025 6:17 PM",,,,"March 19, 2025 6:17 PM",Cameron Ely-Murdock,,,,,
Give shift report to next staff & communicate new/what needs to be done,1,Needed,,,,,,Cameron Ely-Murdock,"March 19, 2025 6:17 PM",,,,"March 19, 2025 6:17 PM",Cameron Ely-Murdock,,,,,
Clean honey combs & piano,3,Needed,,,,,,Cameron Ely-Murdock,"March 19, 2025 6:17 PM",,,,"March 19, 2025 6:17 PM",Cameron Ely-Murdock,,,,,
Straighten bookshelves in comm room,1,Needed,,,,,,Cameron Ely-Murdock,"March 19, 2025 6:17 PM",,,,"March 19, 2025 6:17 PM",Cameron Ely-Murdock,,,,,
Sweep deck & wipe outside tables,1,Needed,,,,,,Cameron Ely-Murdock,"March 19, 2025 6:17 PM",,,,"March 19, 2025 6:17 PM",Cameron Ely-Murdock,,,,,
Stamp cups,2,Needed,,,,,,Cameron Ely-Murdock,"March 19, 2025 6:17 PM",,,,"March 19, 2025 6:17 PM",Cameron Ely-Murdock,,,,,
Date Milks & Chais,1,Needed,,,,,,Cameron Ely-Murdock,"March 19, 2025 6:17 PM",,,,"March 19, 2025 6:17 PM",Cameron Ely-Murdock,,,,,
"Wipe (4) clear acrylic shelves shelves (teas, glasswear)",3,Needed,,,,,,Cameron Ely-Murdock,"March 19, 2025 6:17 PM",,,,"March 19, 2025 6:17 PM",Cameron Ely-Murdock,,,,,
Clean Display Case (pies),1,Needed,,,,,,Cameron Ely-Murdock,"March 19, 2025 6:17 PM",,,,"March 19, 2025 6:17 PM",Cameron Ely-Murdock,,,,,
"Clean Syrup area; bottles, mats, white tiles (including down low!)",3,Needed,,,,,,Cameron Ely-Murdock,"March 19, 2025 6:17 PM",,,,"March 19, 2025 6:17 PM",Cameron Ely-Murdock,,,,,
Check schedule for next two weeks and confirm shifts.,1,Needed,,,,,,Cameron Ely-Murdock,"March 19, 2025 6:17 PM",,,,"March 19, 2025 6:17 PM",Cameron Ely-Murdock,,,,,
Water all plants INSIDE if time on midday shift- let evening know you did it already if you did please. TY,10,Needed,,,,,,Cameron Ely-Murdock,"March 19, 2025 6:17 PM",,,,"March 19, 2025 6:17 PM",Cameron Ely-Murdock,,,,,
"Water all plants INSIDE every SUNDAY, MONDAY, TUESDAY, WEDNESDAY, SATURDAY Evenings if not done in midday",10,Needed,,,,,,Cameron Ely-Murdock,"March 19, 2025 6:17 PM",,,,"March 19, 2025 6:17 PM",Cameron Ely-Murdock,,,,,
Barista Station,14,Needed,,,,,,Cameron Ely-Murdock,"March 19, 2025 6:17 PM",,,,"March 19, 2025 6:17 PM",Cameron Ely-Murdock,,,,,
Clean espresso machine,2,Needed,,,,,,Cameron Ely-Murdock,"March 19, 2025 6:17 PM",,,,"March 19, 2025 6:17 PM",Cameron Ely-Murdock,,,,,
Wipe Counters,1,Needed,,,,,,Cameron Ely-Murdock,"March 19, 2025 6:17 PM",,,,"March 19, 2025 6:17 PM",Cameron Ely-Murdock,,,,,
Wipe down espresso machine,1,Needed,,,,,,Cameron Ely-Murdock,"March 19, 2025 6:17 PM",,,,"March 19, 2025 6:17 PM",Cameron Ely-Murdock,,,,,
Soak wands w 30mL Blue Cleaner in cups overnight to soak,2,Needed,,,,,,Cameron Ely-Murdock,"March 19, 2025 6:17 PM",,,,"March 19, 2025 6:17 PM",Cameron Ely-Murdock,,,,,
Wipe inside fridge,1,Needed,,,,,,Cameron Ely-Murdock,"March 19, 2025 6:17 PM",,,,"March 19, 2025 6:17 PM",Cameron Ely-Murdock,,,,,
"Wipe outside fridge (doors, handles, under espresso machine, sides)",1,Needed,,,,,,Cameron Ely-Murdock,"March 19, 2025 6:17 PM",,,,"March 19, 2025 6:17 PM",Cameron Ely-Murdock,,,,,
"Wipe/wash bakery domes, display planks and pie plates",2,Needed,,,,,,Cameron Ely-Murdock,"March 19, 2025 6:17 PM",,,,"March 19, 2025 6:17 PM",Cameron Ely-Murdock,,,,,
"Wipe tables, counters & customer station",1,Needed,,,,,,Cameron Ely-Murdock,"March 19, 2025 6:17 PM",,,,"March 19, 2025 6:17 PM",Cameron Ely-Murdock,,,,,
Scrub sinks and backsplash shiny with Cafiza and sponge,2,Needed,,,,,,Cameron Ely-Murdock,"March 19, 2025 6:17 PM",,,,"March 19, 2025 6:17 PM",Cameron Ely-Murdock,,,,,
Oven off,1,Needed,,,,,,Cameron Ely-Murdock,"March 19, 2025 6:17 PM",,,,"March 19, 2025 6:17 PM",Cameron Ely-Murdock,,,,,
"Clean drips (fridge, grinder counter, bottom espresso machine under wand)",1,Needed,,,,,,Cameron Ely-Murdock,"March 19, 2025 6:17 PM",,,,"March 19, 2025 6:17 PM",Cameron Ely-Murdock,,,,,
Clean Grinders,2,Needed,,,,,,Cameron Ely-Murdock,"March 19, 2025 6:17 PM",,,,"March 19, 2025 6:17 PM",Cameron Ely-Murdock,,,,,
Outside:,3,Needed,,,,,,Cameron Ely-Murdock,"March 19, 2025 6:17 PM",,,,"March 19, 2025 6:17 PM",Cameron Ely-Murdock,,,,,
Awnings Down & secured,2,Needed,,,,,,Cameron Ely-Murdock,"March 19, 2025 6:17 PM",,,,"March 19, 2025 6:17 PM",Cameron Ely-Murdock,,,,,
Chair/stools inside,1,Needed,,,,,,Cameron Ely-Murdock,"March 19, 2025 6:17 PM",,,,"March 19, 2025 6:17 PM",Cameron Ely-Murdock,,,,,
Interior Cleaning,5,Needed,,,,,,Cameron Ely-Murdock,"March 19, 2025 6:17 PM",,,,"March 19, 2025 6:17 PM",Cameron Ely-Murdock,,,,,
Vacuum carpets,2,Needed,,,,,,Cameron Ely-Murdock,"March 19, 2025 6:17 PM",,,,"March 19, 2025 6:17 PM",Cameron Ely-Murdock,,,,,
Sweep bathroom),1,Needed,,,,,,Cameron Ely-Murdock,"March 19, 2025 6:17 PM",,,,"March 19, 2025 6:17 PM",Cameron Ely-Murdock,,,,,
Sweep cafe,1,Needed,,,,,,Cameron Ely-Murdock,"March 19, 2025 6:17 PM",,,,"March 19, 2025 6:17 PM",Cameron Ely-Murdock,,,,,
Sweep stand,2,Needed,,,,,,Cameron Ely-Murdock,"March 19, 2025 6:17 PM",,,,"March 19, 2025 6:17 PM",Cameron Ely-Murdock,,,,,
Flip sign “closed” and turn off open sign,1,Needed,,,,,,Cameron Ely-Murdock,"March 19, 2025 6:17 PM",,,,"March 19, 2025 6:17 PM",Cameron Ely-Murdock,,,,,
Equipment,5,Needed,,,,,,Cameron Ely-Murdock,"March 19, 2025 6:17 PM",,,,"March 19, 2025 6:17 PM",Cameron Ely-Murdock,,,,,
"Lights out (cafe, stand, string lights, coffee sign & leave on track light)",1,Needed,,,,,,Cameron Ely-Murdock,"March 19, 2025 6:17 PM",,,,"March 19, 2025 6:17 PM",Cameron Ely-Murdock,,,,,
Turn off heat/swamp cooler/ac,1,Needed,,,,,,Cameron Ely-Murdock,"March 19, 2025 6:17 PM",,,,"March 19, 2025 6:17 PM",Cameron Ely-Murdock,,,,,
Speaker off/plugged in to charge,1,Needed,,,,,,Cameron Ely-Murdock,"March 19, 2025 6:17 PM",,,,"March 19, 2025 6:17 PM",Cameron Ely-Murdock,,,,,
Mop every area (use utility sink in back to fill but dump mop water outside out back UTILITY SINK DOES NOT DRAIN SO DO NOT DUMP IN SINK),10,Needed,,,,,,Cameron Ely-Murdock,"March 19, 2025 6:17 PM",,,,"March 19, 2025 6:17 PM",Cameron Ely-Murdock,,,,,
"Check fridges (walk in closed, display case plugged in)",1,Needed,,,,,,Cameron Ely-Murdock,"March 19, 2025 6:17 PM",,,,"March 19, 2025 6:17 PM",Cameron Ely-Murdock,,,,,
Close garage doors & secure shut with straps,1,Needed,,,,,,Cameron Ely-Murdock,"March 19, 2025 6:17 PM",,,,"March 19, 2025 6:17 PM",Cameron Ely-Murdock,,,,,
Final Checks,3,Needed,,,,,,Cameron Ely-Murdock,"March 19, 2025 6:17 PM",,,,"March 19, 2025 6:17 PM",Cameron Ely-Murdock,,,,,
Empty full trash can & check bus tub,1,Needed,,,,,,Cameron Ely-Murdock,"March 19, 2025 6:17 PM",,,,"March 19, 2025 6:17 PM",Cameron Ely-Murdock,,,,,
Trash out and re-line bags (remember bathroom!),1,Needed,,,,,,Cameron Ely-Murdock,"March 19, 2025 6:17 PM",,,,"March 19, 2025 6:17 PM",Cameron Ely-Murdock,,,,,
RIVERSIDE:,10,Needed,,,,,,Cameron Ely-Murdock,"March 19, 2025 6:17 PM",,,,"March 19, 2025 6:17 PM",Cameron Ely-Murdock,,,,,
Cash Box  (on top of printer cabinet),1,Needed,,,,,,Cameron Ely-Murdock,"March 19, 2025 6:17 PM",,,,"March 19, 2025 6:17 PM",Cameron Ely-Murdock,,,,,
"Empty urn, fill with water & cleaner, take to Riverside sink",3,Needed,,,,,,Cameron Ely-Murdock,"March 19, 2025 6:17 PM",,,,"March 19, 2025 6:17 PM",Cameron Ely-Murdock,,,,,
"Leave warm and cold water dripping at 2 sinks at coffee prep area, and at bathroom sink at night (to keep from freezing)",1,Needed,,,,,,Cameron Ely-Murdock,"March 19, 2025 6:17 PM",,,,"March 19, 2025 6:17 PM",Cameron Ely-Murdock,,,,,
Dirty Rags,1,Needed,,,,,,Cameron Ely-Murdock,"March 19, 2025 6:17 PM",,,,"March 19, 2025 6:17 PM",Cameron Ely-Murdock,,,,,
"ALL dishes; pans, empty pie boxes, etc. back to Riverside and wash them all (DO NOT LEAVE FOR OTHER STAFF)",5,Needed,,,,,,Cameron Ely-Murdock,"March 19, 2025 6:17 PM",,,,"March 19, 2025 6:17 PM",Cameron Ely-Murdock,,,,,
Empty ice drain (and make sure hose is in container),1,Needed,,,,,,Cameron Ely-Murdock,"March 19, 2025 6:17 PM",,,,"March 19, 2025 6:17 PM",Cameron Ely-Murdock,,,,,
Charge Tablet overnight,1,Needed,,,,,,Cameron Ely-Murdock,"March 19, 2025 6:17 PM",,,,"March 19, 2025 6:17 PM",Cameron Ely-Murdock,,,,,
Empty bus tub,1,Needed,,,,,,Cameron Ely-Murdock,"March 19, 2025 6:17 PM",,,,"March 19, 2025 6:17 PM",Cameron Ely-Murdock,,,,,
Take cash tips,,Needed,,,,,,Cameron Ely-Murdock,"March 19, 2025 6:17 PM",,,,"March 19, 2025 6:17 PM",Cameron Ely-Murdock,,,,,
Chairs up,1,Needed,,,,,,Cameron Ely-Murdock,"March 19, 2025 6:17 PM",,,,"March 19, 2025 6:17 PM",Cameron Ely-Murdock,,,,,
Count cash box & put anything over $150 in  envelope under Richards office door,1,Needed,,,,,,Cameron Ely-Murdock,"March 19, 2025 6:17 PM",,,,"March 19, 2025 6:17 PM",Cameron Ely-Murdock,,,,,
Shift hand-off sheet filled out,1,Needed,,,,,,Cameron Ely-Murdock,"March 19, 2025 6:17 PM",,,,"March 19, 2025 6:17 PM",Cameron Ely-Murdock,,,,,
Leave shift report for Miranda,1,Needed,,,,,,Cameron Ely-Murdock,"March 19, 2025 6:17 PM",,,,"March 19, 2025 6:17 PM",Cameron Ely-Murdock,,,,,
Sunday: put milk coolers out (Put blankets with them in winter so they can cover and not freeze)- Evening,3,Needed,,,,,,Cameron Ely-Murdock,"March 19, 2025 6:17 PM",,,,"March 19, 2025 6:17 PM",Cameron Ely-Murdock,,,,,
Check schedule for next two weeks and confirm shifts.,1,Needed,,,,,,Cameron Ely-Murdock,"March 19, 2025 6:17 PM",,,,"March 19, 2025 6:17 PM",Cameron Ely-Murdock,,,,,
Tuesday: Take apart espresso machine 1x/week- Evening,,Needed,,,,,,Cameron Ely-Murdock,"March 19, 2025 6:17 PM",,,,"March 19, 2025 6:17 PM",Cameron Ely-Murdock,,,,,
Made how many smoothies,1,Needed,,,,,,Cameron Ely-Murdock,"March 19, 2025 6:17 PM",,,,"March 19, 2025 6:17 PM",Cameron Ely-Murdock,,,,,
Look for boxes that have been delivered - open them - put stock away - discard packaging,3,Needed,,,,,,Cameron Ely-Murdock,"March 19, 2025 6:25 PM",,,,"March 30, 2025 7:28 PM",Pipedream,,,bk5kTmlJT054bXFSRF9mbA,,
Restocking,14,Needed,,,,,,Cameron Ely-Murdock,"March 19, 2025 6:25 PM",,,,"March 30, 2025 7:28 PM",Pipedream,,,UWtNV1pJZ1duR2wxRXZjNg,,
Restock Teas,3,Needed,,,,,,Cameron Ely-Murdock,"March 19, 2025 6:25 PM",,,,"March 30, 2025 7:28 PM",Pipedream,,,aEFBRWZLUVo0bWU1WWRqQw,,
"Restock paper goods (cups, lids, straws, forks, napkins, sleeves)",1,Needed,,,,,,Cameron Ely-Murdock,"March 19, 2025 6:25 PM",,,,"March 30, 2025 7:28 PM",Pipedream,,,cVpRN1dmdVpFZ21IQmE3Ug,,
"Restock customer station (sugars, lids, straws, stir sticks, forks)",1,Needed,,,,,,Cameron Ely-Murdock,"March 19, 2025 6:25 PM",,,,"March 30, 2025 7:28 PM",Pipedream,,,YzVRVGtIT0s5T2ZvRG1PYg,,
Restock Milk Fridge,1,Needed,,,,,,Cameron Ely-Murdock,"March 19, 2025 6:25 PM",,,,"March 30, 2025 7:28 PM",Pipedream,,,VVNMOWZrbXZUNDBDQ3hwMQ,,
Check pies for restocking & defrost if needed,1,Needed,,,,,,Cameron Ely-Murdock,"March 19, 2025 6:25 PM",,,,"March 30, 2025 7:28 PM",Pipedream,,,TnJkVEhfSlhMN3NVRFFHQQ,,
Restock pies,1,Needed,,,,,,Cameron Ely-Murdock,"March 19, 2025 6:25 PM",,,,"March 30, 2025 7:28 PM",Pipedream,,,S0pzZ21ucFh4NjVuOXFoeA,,
"Restock paper goods behind counter (cups, lids, pie bags, napkins)",1,Needed,,,,,,Cameron Ely-Murdock,"March 19, 2025 6:25 PM",,,,"March 30, 2025 7:28 PM",Pipedream,,,Z1RoSkxLQnZ1TzNBd2E0bw,,
"Restock sugars, honey, cinnamon, nutmeg",1,Needed,,,,,,Cameron Ely-Murdock,"March 19, 2025 6:25 PM",,,,"March 30, 2025 7:28 PM",Pipedream,,,SUVSMC1CWU1uZFEwZllIbQ,,
"Refill syrups, and wipe bottles",1,Needed,,,,,,Cameron Ely-Murdock,"March 19, 2025 6:25 PM",,,,"March 30, 2025 7:28 PM",Pipedream,,,Nk0zVVI3YkI5YjVjX1VQSg,,
Bake Banana bread and muffins and any other baked goods if needed,10,Needed,,,,,,Cameron Ely-Murdock,"March 19, 2025 6:25 PM",,,,"March 30, 2025 7:28 PM",Pipedream,,,R1o1VlVjc2dvaTA0cUdqMg,,
Make new syrups,510,Needed,,,,,,Cameron Ely-Murdock,"March 19, 2025 6:25 PM",,,,"March 30, 2025 7:27 PM",Pipedream,,,VTh5aU9hZlJKX0NuZjVpTQ,,
Shift hand-off sheet filled out,1,Needed,,,,,,Cameron Ely-Murdock,"March 19, 2025 6:25 PM",,,,"March 30, 2025 7:27 PM",Pipedream,,,Q0hrOHcwYnZOanlVQWNaUQ,,
Count cash box & put anything over $150 in envelope under Richards office door,1,Needed,,,,,,Cameron Ely-Murdock,"March 19, 2025 6:25 PM",,,,"March 30, 2025 7:27 PM",Pipedream,,,a1c4MWpNMTFJaWhlR2NHRQ,,
Give shift report to next staff & communicate new/what needs to be done,1,Needed,,,,,,Cameron Ely-Murdock,"March 19, 2025 6:25 PM",,,,"March 30, 2025 7:27 PM",Pipedream,,,S0I2ZG42bFNzZVBqVW5sZw,,
Windex front door,1,Needed,,,,,,Cameron Ely-Murdock,"March 19, 2025 6:25 PM",,,,"March 30, 2025 7:27 PM",Pipedream,,,X3daek84S3RYZXVUUUN4Qg,,
Straighten bookshelves in comm room,1,Needed,,,,,,Cameron Ely-Murdock,"March 19, 2025 6:25 PM",,,,"March 30, 2025 7:27 PM",Pipedream,,,NFMyVGo0WUdjNWs3RzFfRg,,
Clean honey combs & piano,3,Needed,,,,,,Cameron Ely-Murdock,"March 19, 2025 6:25 PM",,,,"March 30, 2025 7:27 PM",Pipedream,,,RmEzVzZSZzFCSjI0ZU5Cdw,,
Sweep deck & wipe outside tables,1,Needed,,,,,,Cameron Ely-Murdock,"March 19, 2025 6:25 PM",,,,"March 30, 2025 7:27 PM",Pipedream,,,Y2ZYVmJyY1h6VFhTQ2UyQw,,
Stamp cups,2,Needed,,,,,,Cameron Ely-Murdock,"March 19, 2025 6:25 PM",,,,"March 30, 2025 7:27 PM",Pipedream,,,M3VIYkUyY215ZERyUDZxRQ,,
"Wipe (4) clear acrylic shelves (teas, glasswear)",3,Needed,,,,,,Cameron Ely-Murdock,"March 19, 2025 6:25 PM",,,,"March 30, 2025 7:27 PM",Pipedream,,,Zmt3Y3laQ3ozN0kta1NDSg,,
Date Milks & Chais,1,Needed,,,,,,Cameron Ely-Murdock,"March 19, 2025 6:25 PM",,,,"March 30, 2025 7:27 PM",Pipedream,,,QU91bFZ4ZG15UU5pUWxrZA,,
"Clean Syrup area; bottles, mats, white tiles (including down low!)",3,Needed,,,,,,Cameron Ely-Murdock,"March 19, 2025 6:25 PM",,,,"March 30, 2025 7:27 PM",Pipedream,,,TjB0aGFSSFJVaFRGT0dTZw,,
Clean Display Case (pies),1,Needed,,,,,,Cameron Ely-Murdock,"March 19, 2025 6:25 PM",,,,"March 30, 2025 7:27 PM",Pipedream,,,cERZd0QzVnc4V2JZLWxYbQ,,
Check schedule for next two weeks and confirm shifts,1,Needed,,,,,,Cameron Ely-Murdock,"March 19, 2025 6:25 PM",,,,"March 30, 2025 7:27 PM",Pipedream,,,NE5heFVpaHd5UnowZnhiVw,,
Water all plants INSIDE if time on midday shift,10,Needed,,,,,,Cameron Ely-Murdock,"March 19, 2025 6:25 PM",,,,"March 30, 2025 7:27 PM",Pipedream,,,VTZLU2d5czRSZXFzbm1xSg,,
"Water all plants INSIDE every SUNDAY, MONDAY, TUESDAY, WEDNESDAY, SATURDAY Evenings if not done in midday",10,Needed,,,,,,Cameron Ely-Murdock,"March 19, 2025 6:25 PM",,,,"March 30, 2025 7:27 PM",Pipedream,,,TEZfZllFS2lPMG1hSE5vaQ,,
Barista Station,14,Needed,,,,,,Cameron Ely-Murdock,"March 19, 2025 6:25 PM",,,,"March 30, 2025 7:27 PM",Pipedream,,,TUFkV1VxVWFYNHpDWGh0eA,,
Clean espresso machine,2,Needed,,,,,,Cameron Ely-Murdock,"March 19, 2025 6:25 PM",,,,"March 30, 2025 7:27 PM",Pipedream,,,VEM1cUo0MW9wOXZFNzR2cA,,
Soak wands w 30mL Blue Cleaner in cups overnight to soak,2,Needed,,,,,,Cameron Ely-Murdock,"March 19, 2025 6:25 PM",,,,"March 30, 2025 7:27 PM",Pipedream,,,Sk1JNlVTX2FYS0FZalhyNQ,,
Wipe Counters,1,Needed,,,,,,Cameron Ely-Murdock,"March 19, 2025 6:25 PM",,,,"March 30, 2025 7:27 PM",Pipedream,,,el9ScTQ0V2d2X3RlZElOSg,,
Wipe down espresso machine,1,Needed,,,,,,Cameron Ely-Murdock,"March 19, 2025 6:25 PM",,,,"March 30, 2025 7:27 PM",Pipedream,,,SzRURWNRWU5XWEhfM3RlZw,,
"Wipe outside fridge (doors, handles, under espresso machine, sides)",1,Needed,,,,,,Cameron Ely-Murdock,"March 19, 2025 6:25 PM",,,,"March 30, 2025 7:27 PM",Pipedream,,,T1lnNnIwNW42MnNEaEdmbw,,
Wipe inside fridge,1,Needed,,,,,,Cameron Ely-Murdock,"March 19, 2025 6:25 PM",,,,"March 30, 2025 7:27 PM",Pipedream,,,NklQRWRBb2hIVENsQWlrYw,,
"Wipe tables, counters & customer station",1,Needed,,,,,,Cameron Ely-Murdock,"March 19, 2025 6:25 PM",,,,"March 30, 2025 7:27 PM",Pipedream,,,cnhoNmptMXJNNHA1NTdsRg,,
Scrub sinks and backsplash shiny with Cafiza and sponge,2,Needed,,,,,,Cameron Ely-Murdock,"March 19, 2025 6:25 PM",,,,"March 30, 2025 7:27 PM",Pipedream,,,LXFEWXpuT3RWT0kxY3dObA,,
"Wipe/wash bakery domes, display planks and pie plates",2,Needed,,,,,,Cameron Ely-Murdock,"March 19, 2025 6:25 PM",,,,"March 30, 2025 7:27 PM",Pipedream,,,c09kYmU3RGNBQVAxTlhheQ,,
Clean Grinders,2,Needed,,,,,,Cameron Ely-Murdock,"March 19, 2025 6:25 PM",,,,"March 30, 2025 7:27 PM",Pipedream,,,UFI2b1hreTB1aGVEWG04dg,,
"Clean drips (fridge, grinder counter, bottom espresso machine under wand)",1,Needed,,,,,,Cameron Ely-Murdock,"March 19, 2025 6:25 PM",,,,"March 30, 2025 7:27 PM",Pipedream,,,NmRQbHZvWHNGWF92VjducQ,,
Outside:,3,Needed,,,,,,Cameron Ely-Murdock,"March 19, 2025 6:25 PM",,,,"March 30, 2025 7:27 PM",Pipedream,,,cXlDcExrZWx6bFJ4aUt0LQ,,
Oven off,1,Needed,,,,,,Cameron Ely-Murdock,"March 19, 2025 6:25 PM",,,,"March 30, 2025 7:27 PM",Pipedream,,,OXdqeFZMcGlSdWJWdDZmSQ,,
Chair/stools inside,1,Needed,,,,,,Cameron Ely-Murdock,"March 19, 2025 6:25 PM",,,,"March 30, 2025 7:27 PM",Pipedream,,,cmhmWTNDcGN6NzFJSlhrUg,,
Awnings Down & secured,2,Needed,,,,,,Cameron Ely-Murdock,"March 19, 2025 6:25 PM",,,,"March 30, 2025 7:27 PM",Pipedream,,,OS1WbFNwNGhjUDNNLWJhYQ,,
Interior Cleaning,5,Needed,,,,,,Cameron Ely-Murdock,"March 19, 2025 6:25 PM",,,,"March 30, 2025 7:27 PM",Pipedream,,,VTRnbWdJQ0lKa2RwNUFEVA,,
Vacuum carpets,2,Needed,,,,,,Cameron Ely-Murdock,"March 19, 2025 6:25 PM",,,,"March 30, 2025 7:27 PM",Pipedream,,,Znp0LVgzQ1FtcVZrdWtJLQ,,
Sweep cafe,1,Needed,,,,,,Cameron Ely-Murdock,"March 19, 2025 6:25 PM",,,,"March 30, 2025 7:27 PM",Pipedream,,,bnZlazhrcU5yY2VvYnBBZw,,
Sweep stand,2,Needed,,,,,,Cameron Ely-Murdock,"March 19, 2025 6:25 PM",,,,"March 30, 2025 7:27 PM",Pipedream,,,QkRNZ0Z2MS1kWTJ5ZDRVdg,,
Equipment,5,Needed,,,,,,Cameron Ely-Murdock,"March 19, 2025 6:25 PM",,,,"March 30, 2025 7:27 PM",Pipedream,,,TnpoSHY0eHc5SzV0MUU0cw,,
Sweep bathroom,1,Needed,,,,,,Cameron Ely-Murdock,"March 19, 2025 6:25 PM",,,,"March 30, 2025 7:27 PM",Pipedream,,,RzNtaDdHbExmU0JXeHM1ag,,
Flip sign “closed” and turn off open sign,1,Needed,,,,,,Cameron Ely-Murdock,"March 19, 2025 6:25 PM",,,,"March 30, 2025 7:27 PM",Pipedream,,,dDZTRnpQdE44M0thendXRA,,
Speaker off/plugged in to charge,1,Needed,,,,,,Cameron Ely-Murdock,"March 19, 2025 6:25 PM",,,,"March 30, 2025 7:27 PM",Pipedream,,,V3YyeHItQUNsSk5CSUdWUA,,
"Lights out (cafe, stand, string lights, coffee sign & leave on track light)",1,Needed,,,,,,Cameron Ely-Murdock,"March 19, 2025 6:25 PM",,,,"March 30, 2025 7:27 PM",Pipedream,,,NzJsT2ViZGlzaThwcG9OTQ,,
Turn off heat/swamp cooler/ac,1,Needed,,,,,,Cameron Ely-Murdock,"March 19, 2025 6:25 PM",,,,"March 30, 2025 7:27 PM",Pipedream,,,S1VNR1ZEQzY1dnpYdnFhZQ,,
"Check fridges (walk in closed, display case plugged in)",1,Needed,,,,,,Cameron Ely-Murdock,"March 19, 2025 6:25 PM",,,,"March 30, 2025 7:27 PM",Pipedream,,,SGd2Vk5HSHIzNlp3MFYyTA,,
Mop every area (use utility sink in back to fill but dump mop water outside out back UTILITY SINK DOES NOT DRAIN SO DO NOT DUMP IN SINK),10,Needed,,,,,,Cameron Ely-Murdock,"March 19, 2025 6:25 PM",,,,"March 30, 2025 7:27 PM",Pipedream,,,cnFmQkdBU0pUYm4wOFdUTA,,
Final Checks,3,Needed,,,,,,Cameron Ely-Murdock,"March 19, 2025 6:25 PM",,,,"March 30, 2025 7:27 PM",Pipedream,,,U2dzcWdZQkM1eUxGSTkzTQ,,
Close garage doors & secure shut with straps,1,Needed,,,,,,Cameron Ely-Murdock,"March 19, 2025 6:25 PM",,,,"March 30, 2025 7:27 PM",Pipedream,,,MWNNVllxd1RqeEdLU2tlUQ,,
Trash out and re-line bags (remember bathroom!),1,Needed,,,,,,Cameron Ely-Murdock,"March 19, 2025 6:25 PM",,,,"March 30, 2025 7:27 PM",Pipedream,,,eXJVRTc0UnFOd2ZHMEwzcg,,
Empty full trash can & check bus tub,1,Needed,,,,,,Cameron Ely-Murdock,"March 19, 2025 6:25 PM",,,,"March 30, 2025 7:26 PM",Pipedream,,,UFdVRnBrZng5T05OektqbA,,
RIVERSIDE:,10,Needed,,,,,,Cameron Ely-Murdock,"March 19, 2025 6:25 PM",,,,"March 30, 2025 7:26 PM",Pipedream,,,a2VtSzA3U2FkVldLV2xqbw,,
"Empty urn, fill with water & cleaner, take to Riverside sink",3,Needed,,,,,,Cameron Ely-Murdock,"March 19, 2025 6:25 PM",,,,"March 30, 2025 7:26 PM",Pipedream,,,MVR2SlpsRDFTMUVyQmhGdQ,,
Cash Box (on top of printer cabinet),1,Needed,,,,,,Cameron Ely-Murdock,"March 19, 2025 6:25 PM",,,,"March 30, 2025 7:26 PM",Pipedream,,,VENoYmRhMEhsUlNmZjJGRQ,,
Dirty Rags,1,Needed,,,,,,Cameron Ely-Murdock,"March 19, 2025 6:25 PM",,,,"March 30, 2025 7:26 PM",Pipedream,,,a2Ywa2M0bnBXQ2UtdW1ydg,,
"ALL dishes; pans, empty pie boxes, etc. back to Riverside and wash them all",5,Needed,,,,,,Cameron Ely-Murdock,"March 19, 2025 6:25 PM",,,,"March 30, 2025 7:26 PM",Pipedream,,,eXBULUpSQlA2cjJUb0JYYQ,,
"Leave warm and cold water dripping at 2 sinks at coffee prep area, and at bathroom sink at night",1,Needed,,,,,,Cameron Ely-Murdock,"March 19, 2025 6:25 PM",,,,"March 30, 2025 7:26 PM",Pipedream,,,VDNGX040VHFoOFM5U1dHXw,,
Charge Tablet overnight,1,Needed,,,,,,Cameron Ely-Murdock,"March 19, 2025 6:25 PM",,,,"March 30, 2025 7:26 PM",Pipedream,,,TVp5Z3M1WkQtLVRkd05iZw,,
Empty ice drain (and make sure hose is in container),1,Needed,,,,,,Cameron Ely-Murdock,"March 19, 2025 6:25 PM",,,,"March 30, 2025 7:26 PM",Pipedream,,,ZVUtWGlONG5DWmxtUjNOcg,,
Empty bus tub,1,Needed,,,,,,Cameron Ely-Murdock,"March 19, 2025 6:25 PM",,,,"March 30, 2025 7:26 PM",Pipedream,,,b0h1eTFBMEdqLXlxbDBJZw,,
Take cash tips,1,Needed,,,,,,Cameron Ely-Murdock,"March 19, 2025 6:25 PM",,,,"March 30, 2025 7:26 PM",Pipedream,,,YXRuWjVIRkEzOFItNWtENg,,
Chairs up,1,Needed,,,,,,Cameron Ely-Murdock,"March 19, 2025 6:25 PM",,,,"March 30, 2025 7:26 PM",Pipedream,,,bGtoOXY1eENfdDBWc3NlSw,,
Shift hand-off sheet filled out,1,Needed,,,,,,Cameron Ely-Murdock,"March 19, 2025 6:25 PM",,,,"March 30, 2025 7:26 PM",Pipedream,,,Y1NwX0R3YVBTMnU2SHJXeQ,,
Count cash box & put anything over $150 in envelope under Richards office door,1,Needed,,,,,,Cameron Ely-Murdock,"March 19, 2025 6:25 PM",,,,"March 30, 2025 7:26 PM",Pipedream,,,eDJfdk1FZXEyczF3QktKTg,,
Leave shift report for Miranda,1,Needed,,,,,,Cameron Ely-Murdock,"March 19, 2025 6:25 PM",,,,"March 30, 2025 7:26 PM",Pipedream,,,aGJTTFlDMC1PS1hFTE9OMQ,,
Check schedule for next two weeks and confirm shifts,1,Needed,,,,,,Cameron Ely-Murdock,"March 19, 2025 6:25 PM",,,,"March 30, 2025 7:26 PM",Pipedream,,,M3V1aXc3R0Y1REV3UWxNXw,,
Sunday: put milk coolers out (Put blankets with them in winter so they can cover and not freeze) - Evening,3,Needed,,,,,,Cameron Ely-Murdock,"March 19, 2025 6:25 PM",,,,"March 30, 2025 7:26 PM",Pipedream,,,NGZBSjV1cXRwYlg5TVFEag,,
Tuesday: Take apart espresso machine 1x/week - Evening,5,Needed,,,,,,Cameron Ely-Murdock,"March 19, 2025 6:25 PM",,,,"March 30, 2025 7:26 PM",Pipedream,,,bnVfYlFieUd2WHMtdl9fOQ,,
Made how many smoothies,1,Needed,,,,,,Cameron Ely-Murdock,"March 19, 2025 6:25 PM",,,,"March 30, 2025 7:26 PM",Pipedream,,,U0hGRUZmNklrX184VmtVSg,,
test 2,,Needed,,,,,,Riverside Admin,"March 30, 2025 8:11 PM",,,,"March 31, 2025 6:02 PM",Pipedream,,"March 31, 2025 → April 4, 2025",TXhpclFvb05BQ2dmQjZENA,,
Post about smoothies on instagram,10,Done,,,,,,Cameron Ely-Murdock,"April 17, 2025 3:51 PM",,,,"April 17, 2025 6:02 PM",Pipedream,,,cTR3dGNkdjhRUnctcGREYw,,
Create content for smoothie post,30,Done,,,,,,Cameron Ely-Murdock,"April 17, 2025 3:56 PM",,,,"April 17, 2025 6:02 PM",Pipedream,,,dngwY2Y2aTBNTnVrc2lKLQ,,
post pics on instagram,20,Done,,,,,,Cameron Ely-Murdock,"April 17, 2025 4:08 PM",,,,"May 5, 2025 11:25 AM",Cameron Ely-Murdock,,,OVlUdzVPbXRzRGdBTlFLVw,,
,25,Awaiting Review,,,,,,Cameron Ely-Murdock,"May 5, 2025 2:25 PM",,,Cameron Ely-Murdock,"May 12, 2025 1:35 PM",Cameron Ely-Murdock,,,dWZMcnAzdkFiRHgxRTlVUA,,Cameron Ely-Murdock
,,Needed,,,,,,Cameron Ely-Murdock,"May 5, 2025 2:27 PM",@Cameron Ely-Murdock  (https://www.notion.so/1aa1503617b480f68941c9feb4424819?pvs=21),,Cameron Ely-Murdock,"May 5, 2025 6:02 PM",Pipedream,,,NEhMRjZjRFBER1YycTJ0cA,,
sleep,,Needed,,,,,"DOOR (https://www.notion.so/DOOR-1f21503617b4808f9739f17bab1e27dd?pvs=21), Shift (https://www.notion.so/Shift-1f21503617b48043b8c2f4e69dd5a3bb?pvs=21)",Cameron Ely-Murdock,"May 5, 2025 6:18 PM",@Cameron Ely-Murdock  (https://www.notion.so/1aa1503617b480f68941c9feb4424819?pvs=21),,Cameron Ely-Murdock,"May 12, 2025 6:52 PM",Cameron Ely-Murdock,,,Ry1hQVppcW02Q3dyX1VmOQ,,
play,,Needed,,,,,"DOOR (https://www.notion.so/DOOR-1f21503617b4808f9739f17bab1e27dd?pvs=21), Shift (https://www.notion.so/Shift-1f21503617b48043b8c2f4e69dd5a3bb?pvs=21)",Cameron Ely-Murdock,"May 5, 2025 6:43 PM",@Cameron Ely-Murdock  (https://www.notion.so/1aa1503617b480f68941c9feb4424819?pvs=21),,Cameron Ely-Murdock,"May 12, 2025 6:52 PM",Cameron Ely-Murdock,,,TVNtdlEyUWtPaFI1dUtxSA,,
eat,,Needed,,,,,"DOOR (https://www.notion.so/DOOR-1f21503617b4808f9739f17bab1e27dd?pvs=21), Shift (https://www.notion.so/Shift-1f21503617b48043b8c2f4e69dd5a3bb?pvs=21)",Cameron Ely-Murdock,"May 5, 2025 6:43 PM",@Cameron Ely-Murdock  (https://www.notion.so/1aa1503617b480f68941c9feb4424819?pvs=21),,Cameron Ely-Murdock,"May 12, 2025 6:52 PM",Cameron Ely-Murdock,,,emJGd2daNV81UmVEcTFNaA,,
fuck,,Done,,,,,"DOOR (https://www.notion.so/DOOR-1f21503617b4808f9739f17bab1e27dd?pvs=21), Shift (https://www.notion.so/Shift-1f21503617b48043b8c2f4e69dd5a3bb?pvs=21)",Cameron Ely-Murdock,"May 5, 2025 6:43 PM",@Cameron Ely-Murdock  (https://www.notion.so/1aa1503617b480f68941c9feb4424819?pvs=21),,Cameron Ely-Murdock,"May 12, 2025 6:52 PM",Cameron Ely-Murdock,,,RVNFMUNXYldxT1BOR1Jpcg,,Cameron Ely-Murdock
terst,22,Awaiting Review,,,,,,Cameron Ely-Murdock,"May 5, 2025 6:44 PM",,,Cameron Ely-Murdock,"May 12, 2025 1:35 PM",Cameron Ely-Murdock,,,YWVoV2NMd0hkQ1dNT1Y2cw,,Cameron Ely-Murdock
asdf,33,Awaiting Review,,,,,,Cameron Ely-Murdock,"May 5, 2025 6:45 PM",,,Cameron Ely-Murdock,"May 12, 2025 1:35 PM",Cameron Ely-Murdock,,,b3lzZGk2U05rMUd6dzRsXw,,Cameron Ely-Murdock
,,Needed,,,,,,Cameron Ely-Murdock,"May 5, 2025 6:51 PM",@Cameron Ely-Murdock  (https://www.notion.so/1aa1503617b480f68941c9feb4424819?pvs=21),,Cameron Ely-Murdock,"May 6, 2025 6:02 PM",Pipedream,,,VUNJUkJnUEFhQVI4RERjcw,,
,,Done,,,,,,Cameron Ely-Murdock,"May 12, 2025 1:30 PM",@Cameron Ely-Murdock  (https://www.notion.so/1aa1503617b480f68941c9feb4424819?pvs=21),,Cameron Ely-Murdock,"May 12, 2025 6:02 PM",Pipedream,,,clIzTlFkd0xHZ3NHUHRSRQ,,Cameron Ely-Murdock
mop floor,10,Done,,,,,,Cameron Ely-Murdock,"May 12, 2025 1:30 PM",@Cameron Ely-Murdock  (https://www.notion.so/1aa1503617b480f68941c9feb4424819?pvs=21),,Cameron Ely-Murdock,"May 12, 2025 6:02 PM",Pipedream,,,UEF3bWQtTjNCcUFFb3V3cA,,